heat_radius_over_pitch,polarity,Da,Fo,quadratic_content_ratio,peak_ratio
0.25,opposite,0.5,0.0,1.0,1.0
0.25,opposite,0.5,0.005,0.5415023595980499,0.6349984222107576
0.25,opposite,0.5,0.01,0.3569364262065038,0.45923759193979063
0.25,opposite,0.5,0.015,0.25769907421655913,0.35910588972966423
0.25,opposite,0.5,0.02,0.19686282516746362,0.2943082038250751
0.25,opposite,0.5,0.025,0.15639158593155245,0.24893094493548013
0.25,opposite,0.5,0.03,0.12785672856431932,0.21757899366815955
0.25,opposite,0.5,0.035,0.10683148802507651,0.19394395038629356
0.25,opposite,0.5,0.04,0.09079538416760634,0.17508373365186183
0.25,opposite,0.5,0.045,0.07822229997827965,0.15963236002362563
0.25,opposite,0.5,0.05,0.06814112847996137,0.1466906354076585
0.25,opposite,0.5,0.055,0.05990775892301221,0.13564670320939973
0.25,opposite,0.5,0.06,0.053079634298278416,0.12607293507842884
0.25,opposite,0.5,0.065,0.047343330316264094,0.11766346147854176
0.25,opposite,0.5,0.07,0.04247098589004092,0.11019483480582487
0.25,opposite,0.5,0.075,0.03829313104534528,0.10350053601704287
0.25,opposite,0.5,0.08,0.03468119376250657,0.09745407909152559
0.25,opposite,0.5,0.085,0.031535914796456586,0.09195760611872356
0.25,opposite,0.5,0.09,0.02877947849456825,0.08693406506140644
0.25,opposite,0.5,0.095,0.026350044871466638,0.08232176629646328
0.25,opposite,0.5,0.1,0.024197871706607324,0.07807054210461732
0.25,opposite,0.5,0.105,0.022282513061968625,0.07413900061550222
0.25,opposite,0.5,0.11,0.020570761333660384,0.07049253618004973
0.25,opposite,0.5,0.115,0.019035112404255712,0.06710186866432036
0.25,opposite,0.5,0.12,0.01765260503142573,0.06394195681410397
0.25,opposite,0.5,0.125,0.016403932110646738,0.06099117917505514
0.25,opposite,0.5,0.13,0.015272752247468808,0.058230708554533835
0.25,opposite,0.5,0.135,0.014245150834822608,0.05564402808231007
0.25,opposite,0.5,0.14,0.0133092140550723,0.05321655205591557
0.25,opposite,0.5,0.145,0.012454689121343331,0.05093532522044854
0.25,opposite,0.5,0.15,0.011672711053329763,0.04878878143468484
0.25,opposite,0.5,0.155,0.01095558127246436,0.04676654781583148
0.25,opposite,0.5,0.16,0.010296586911665179,0.04485928410592655
0.25,opposite,0.5,0.165,0.009689852377086944,0.04305854961844726
0.25,opposite,0.5,0.17,0.009130216653706374,0.0413566920143078
0.25,opposite,0.5,0.17500000000000002,0.008613131306692967,0.039746753535295824
0.25,opposite,0.5,0.18,0.008134575231611936,0.03822239133771554
0.25,opposite,0.5,0.185,0.007690983044176448,0.03677780932253146
0.25,opposite,0.5,0.19,0.007279184642816916,0.03540769942297289
0.25,opposite,0.5,0.195,0.006896353974062932,0.034107190737555415
0.25,opposite,0.5,0.2,0.006539965417559038,0.03287180522229948
0.25,opposite,0.5,0.20500000000000002,0.006207756510868827,0.03169741890678322
0.25,opposite,0.5,0.21,0.005897695973647517,0.03062077280817255
0.25,opposite,0.5,0.215,0.005607956180921262,0.02964727839545408
0.25,opposite,0.5,0.22,0.005336889387131135,0.02873173622416973
0.25,opposite,0.5,0.225,0.005083007124649296,0.027856142327134497
0.25,opposite,0.5,0.23,0.004844962299048959,0.02701820182845562
0.25,opposite,0.5,0.23500000000000001,0.004621533583425946,0.02621578870223096
0.25,opposite,0.5,0.24,0.004411611779334283,0.025446930053958625
0.25,opposite,0.5,0.245,0.0042141878653749396,0.02470979221688985
0.25,opposite,0.5,0.25,0.00402834249848579,0.02400266841179462
0.25,opposite,0.5,0.255,0.003853236769349456,0.023323967758914595
0.25,opposite,0.5,0.26,0.003688104043509828,0.022672205463955486
0.25,opposite,0.5,0.265,0.0035322427449178983,0.02204599402723561
0.25,opposite,0.5,0.27,0.003385009959632532,0.021444035347678095
0.25,opposite,0.5,0.275,0.0032458157550199784,0.020865113612096777
0.25,opposite,0.5,0.28,0.0031141181246226216,0.020308088875887528
0.25,opposite,0.5,0.28500000000000003,0.002989418481384828,0.019771891254361667
0.25,opposite,0.5,0.29,0.002871257632523765,0.019255515655000225
0.25,opposite,0.5,0.295,0.002759212178335911,0.01875801699023294
0.25,opposite,0.5,0.3,0.0026528912848978034,0.018278505818249986
0.25,opposite,0.5,0.305,0.002551933787168151,0.017816144366077657
0.25,opposite,0.5,0.31,0.0024560055846057764,0.017370142894889
0.25,opposite,0.5,0.315,0.0023647972962312453,0.016939756372435805
0.25,opposite,0.5,0.32,0.0022780221462020598,0.016524281421712674
0.25,opposite,0.5,0.325,0.002195414054543766,0.01612305351860543
0.25,opposite,0.5,0.33,0.002116725910767717,0.015735444414424603
0.25,opposite,0.5,0.335,0.002041728010781789,0.015360859761955984
0.25,opposite,0.5,0.34,0.001970206639823298,0.015015168917228495
0.25,opposite,0.5,0.34500000000000003,0.0019019627861641634,0.014685411376867609
0.25,opposite,0.5,0.35000000000000003,0.0018368109720999415,0.014365898050301248
0.25,opposite,0.5,0.355,0.0017745781902727136,0.014056211561104552
0.25,opposite,0.5,0.36,0.0017151029347239057,0.013755955720265691
0.25,opposite,0.5,0.365,0.0016582343172530164,0.013464754218786495
0.25,opposite,0.5,0.37,0.0016038312606941915,0.013182249417026138
0.25,opposite,0.5,0.375,0.0015517617616338806,0.012908101222312767
0.25,opposite,0.5,0.38,0.0015019022158955647,0.012641986047212372
0.25,opposite,0.5,0.385,0.0014541368008259723,0.012383595841608057
0.25,opposite,0.5,0.39,0.0014083569090432432,0.01213263719241927
0.25,opposite,0.5,0.395,0.001364460628861656,0.011893194701915459
0.25,opposite,0.5,0.4,0.0013223522670987142,0.011663550872469316
0.25,opposite,0.5,0.405,0.001281941910406403,0.011440171354768613
0.25,opposite,0.5,0.41000000000000003,0.0012431450216560187,0.011222829909321545
0.25,opposite,0.5,0.41500000000000004,0.0012058820682509346,0.01101131052922047
0.25,opposite,0.5,0.42,0.0011700781795491693,0.010805406878019572
0.25,opposite,0.5,0.425,0.001135662830851999,0.010650457641925392
0.25,opposite,0.5,0.43,0.0011025695516600589,0.010523202441292664
0.25,opposite,0.5,0.435,0.0010707356561177053,0.010396820394445743
0.25,opposite,0.5,0.44,0.0010401019937629008,0.010271360439369078
0.25,opposite,0.5,0.445,0.001010612718876035,0.01014686709335907
0.25,opposite,0.5,0.45,0.0009822150768792738,0.010023380730004751
0.25,opposite,0.5,0.455,0.0009548592063801642,0.00990703421890652
0.25,opposite,0.5,0.46,0.0009284979555811008,0.009808056205827548
0.25,opposite,0.5,0.465,0.0009030867118914555,0.009709358305462386
0.25,opposite,0.5,0.47000000000000003,0.0008785832436830033,0.009610990884912646
0.25,opposite,0.5,0.47500000000000003,0.0008549475532229953,0.009513000896519241
0.25,opposite,0.5,0.48,0.0008321417399038961,0.009415432054024522
0.25,opposite,0.5,0.485,0.0008101298729653493,0.009318325001125033
0.25,opposite,0.5,0.49,0.0007888778729732355,0.00922171747260539
0.25,opposite,0.5,0.495,0.0007683534013834411,0.009125644448257558
0.25,opposite,0.5,0.5,0.0007485257575748914,0.009030138299800324
0.25,same,0.5,0.0,1.0,1.0
0.25,same,0.5,0.005,0.5499999032608449,0.6345164927266728
0.25,same,0.5,0.01,0.364609575453513,0.45778955481423755
0.25,same,0.5,0.015,0.26218907874258063,0.35635423640753217
0.25,same,0.5,0.02,0.1978128279183456,0.2900461972276304
0.25,same,0.5,0.025,0.15421226122733286,0.24304689314813885
0.25,same,0.5,0.03,0.12320354342013899,0.20787042875814454
0.25,same,0.5,0.035,0.1003675264308475,0.18050486041242828
0.25,same,0.5,0.04,0.08309673784930154,0.15859924252291316
0.25,same,0.5,0.045,0.06975272990920893,0.14067973895484623
0.25,same,0.5,0.05,0.05925709007747807,0.12577175121305822
0.25,same,0.5,0.055,0.0508743945711017,0.11320207843731399
0.25,same,0.5,0.06,0.04408882439536147,0.10319335674696152
0.25,same,0.5,0.065,0.0385301643402232,0.09477479722707388
0.25,same,0.5,0.07,0.03392749882067702,0.08742642512096543
0.25,same,0.5,0.075,0.03007923278748536,0.08096012257074098
0.25,same,0.5,0.08,0.02683313074431365,0.07522976487374777
0.25,same,0.5,0.085,0.024072710614919078,0.07012006937133919
0.25,same,0.5,0.09,0.02170778168015255,0.06553881647680047
0.25,same,0.5,0.095,0.01966774891867491,0.06141131200011641
0.25,same,0.5,0.1,0.01789680164394846,0.05767637358055189
0.25,same,0.5,0.105,0.016350408360413352,0.05477810460608387
0.25,same,0.5,0.11,0.0149927312990892,0.05253729997076176
0.25,same,0.5,0.115,0.013794697560110713,0.05030456660066737
0.25,same,0.5,0.12,0.012732544989159744,0.048097063245795504
0.25,same,0.5,0.125,0.011786715269030433,0.04638329494418261
0.25,same,0.5,0.13,0.010941003669776378,0.04520445750046105
0.25,same,0.5,0.135,0.010181900394975303,0.04398723955894444
0.25,same,0.5,0.14,0.009498076273538466,0.04274345167356196
0.25,same,0.5,0.145,0.008879978138499065,0.04148333398470501
0.25,same,0.5,0.15,0.00831950823320371,0.04021569661189753
0.25,same,0.5,0.155,0.007809768481610451,0.03894806096143662
0.25,same,0.5,0.16,0.007344855193234856,0.03768679698277993
0.25,same,0.5,0.165,0.006919693253320892,0.03643725321295674
0.25,same,0.5,0.17,0.00652990142840014,0.035203877757230724
0.25,same,0.5,0.17500000000000002,0.00617168234454342,0.03406577048869067
0.25,same,0.5,0.18,0.005841732146033672,0.03345269980689062
0.25,same,0.5,0.185,0.005537165941536914,0.03282016837616663
0.25,same,0.5,0.19,0.0052554559837054825,0.03217217785105019
0.25,same,0.5,0.195,0.0049943801723493055,0.031512340371589634
0.25,same,0.5,0.2,0.004751978969065086,0.03084390276979115
0.25,same,0.5,0.20500000000000002,0.004526519198074454,0.030169771547513977
0.25,same,0.5,0.21,0.004316463510392755,0.029492537948022698
0.25,same,0.5,0.215,0.0041204445260632945,0.028814502617141323
0.25,same,0.5,0.22,0.003937242856889378,0.02813769948927295
0.25,same,0.5,0.225,0.003765768361106924,0.027463918644109988
0.25,same,0.5,0.23,0.0036050441003088844,0.02679472796665654
0.25,same,0.5,0.23500000000000001,0.003454192564196933,0.0261314935105295
0.25,same,0.5,0.24,0.0033124238054252925,0.025475398516067678
0.25,same,0.5,0.245,0.0031790251888046276,0.02482746107363878
0.25,same,0.5,0.25,0.0030533525094721702,0.024188550451252063
0.25,same,0.5,0.255,0.0029348222756665214,0.02377789575125763
0.25,same,0.5,0.26,0.0028229049853222884,0.023469469832616892
0.25,same,0.5,0.265,0.002717119253278439,0.023153666271581327
0.25,same,0.5,0.27,0.002617026668628734,0.022831593034527163
0.25,same,0.5,0.275,0.0025222272805491054,0.022504278660942508
0.25,same,0.5,0.28,0.002432355626546953,0.022172675894063333
0.25,same,0.5,0.28500000000000003,0.0023470772300765485,0.021837665401995308
0.25,same,0.5,0.29,0.0022660855053241577,0.021500059532694987
0.25,same,0.5,0.295,0.002189099016066095,0.02116060605680415
0.25,same,0.5,0.3,0.0021158590431506314,0.02081999186143173
0.25,same,0.5,0.305,0.0020461274216004607,0.020478846565733302
0.25,same,0.5,0.31,0.0019796846137806203,0.02013774603571022
0.25,same,0.5,0.315,0.0019163279896938607,0.019797215781187677
0.25,same,0.5,0.32,0.0018558702893888045,0.01945773422256775
0.25,same,0.5,0.325,0.0017981382458083634,0.019119735818811025
0.25,same,0.5,0.33,0.0017429713492600122,0.018783614051286552
0.25,same,0.5,0.335,0.0016902207371327347,0.018449724260740187
0.25,same,0.5,0.34,0.0016397481945817857,0.018118386336750225
0.25,same,0.5,0.34500000000000003,0.0015914252537052088,0.01778988726073982
0.25,same,0.5,0.35000000000000003,0.001545132380289756,0.017464483504962866
0.25,same,0.5,0.355,0.0015007582385458808,0.017142403290929243
0.25,same,0.5,0.36,0.0014581990254129253,0.016823848711534375
0.25,same,0.5,0.365,0.001417357867022952,0.01650899772174953
0.25,same,0.5,0.37,0.0013781442707869892,0.01621137700703099
0.25,same,0.5,0.375,0.0013404736273295462,0.016070395275522287
0.25,same,0.5,0.38,0.0013042667571620096,0.015926436586079888
0.25,same,0.5,0.385,0.0012694494975664,0.015779795480659643
0.25,same,0.5,0.39,0.0012359523256695098,0.015630751868318738
0.25,same,0.5,0.395,0.0012037100141333514,0.015479571455365642
0.25,same,0.5,0.4,0.0011726613162795344,0.015326506191271988
0.25,same,0.5,0.405,0.0011427486778098574,0.015171794725757014
0.25,same,0.5,0.41000000000000003,0.0011139179725890636,0.015015662873029575
0.25,same,0.5,0.41500000000000004,0.0010861182602237977,0.01485832407969221
0.25,same,0.5,0.42,0.0010593015634087462,0.014699979893280327
0.25,same,0.5,0.425,0.0010334226632207175,0.014540820428830882
0.25,same,0.5,0.43,0.001008438910727399,0.014381024831253036
0.25,same,0.5,0.435,0.0009843100534426441,0.014220761731611133
0.25,same,0.5,0.44,0.0009609980753069427,0.014060189695732025
0.25,same,0.5,0.445,0.0009384670490024156,0.013899457663816782
0.25,same,0.5,0.45,0.0009166829995281758,0.013738705379974632
0.25,same,0.5,0.455,0.0008956137780658835,0.013578063810807228
0.25,same,0.5,0.46,0.0008752289452582597,0.0134176555523564
0.25,same,0.5,0.465,0.0008554996631064818,0.013257595224891375
0.25,same,0.5,0.47000000000000003,0.0008363985947668801,0.01309798985515353
0.25,same,0.5,0.47500000000000003,0.0008178998115941906,0.0129389392458009
0.25,same,0.5,0.48,0.0007999787068386174,0.012780536331902102
0.25,same,0.5,0.485,0.0007826119154579092,0.012622867524422252
0.25,same,0.5,0.49,0.0007657772395542147,0.012466013040723168
0.25,same,0.5,0.495,0.0007494535789892069,0.012310047222168082
0.25,same,0.5,0.5,0.00073362086677045,0.012155038838978813
0.55,opposite,0.5,0.0,1.0,1.0
0.55,opposite,0.5,0.005,0.37095112492354704,0.5352106060662416
0.55,opposite,0.5,0.01,0.1918382594376754,0.33996071039006553
0.55,opposite,0.5,0.015,0.11650153355583537,0.24154526836097182
0.55,opposite,0.5,0.02,0.07770745805020739,0.18717427665515926
0.55,opposite,0.5,0.025,0.05500734688302464,0.152848588262181
0.55,opposite,0.5,0.03,0.04054873018377709,0.1278688322037813
0.55,opposite,0.5,0.035,0.030782592547693444,0.10864724078103749
0.55,opposite,0.5,0.04,0.023900190269710967,0.0933084210361893
0.55,opposite,0.5,0.045,0.018892720328627526,0.08077247631304661
0.55,opposite,0.5,0.05,0.015157499734874636,0.07036025261858553
0.55,opposite,0.5,0.055,0.012314769393565425,0.06161183148219807
0.55,opposite,0.5,0.06,0.010114972490690466,0.05419733996030683
0.55,opposite,0.5,0.065,0.008388493319902256,0.04786993868090969
0.55,opposite,0.5,0.07,0.00701683432877473,0.042561988942793
0.55,opposite,0.5,0.075,0.005915298061486876,0.038348789596995024
0.55,opposite,0.5,0.08,0.005022168452799439,0.034666486812795126
0.55,opposite,0.5,0.085,0.004291726998145714,0.03143161771888243
0.55,opposite,0.5,0.09,0.0036896171762781805,0.02857721167970929
0.55,opposite,0.5,0.095,0.003189693300327706,0.026048710483799718
0.55,opposite,0.5,0.1,0.0027718338650355094,0.023801110533582172
0.55,opposite,0.5,0.105,0.0024203966919949375,0.021796904939213907
0.55,opposite,0.5,0.11,0.0021231101366460925,0.020004564510584216
0.55,opposite,0.5,0.115,0.0018702660554981577,0.018397391765940428
0.55,opposite,0.5,0.12,0.0016541250152301492,0.017001824116687755
0.55,opposite,0.5,0.125,0.001468472959656099,0.015792436693787933
0.55,opposite,0.5,0.13,0.001308287373229914,0.014713974479390884
0.55,opposite,0.5,0.135,0.0011694835405961495,0.013751483974470619
0.55,opposite,0.5,0.14,0.0010487200248499079,0.012871038371533151
0.55,opposite,0.5,0.145,0.0009432483583597113,0.012064050564753055
0.55,opposite,0.5,0.15,0.0008507960400356348,0.011323009293177273
0.55,opposite,0.5,0.155,0.0007694748319600097,0.010651058039330875
0.55,opposite,0.5,0.16,0.000697708421611149,0.010047178219621655
0.55,opposite,0.5,0.165,0.0006341750142775993,0.0095064116099736
0.55,opposite,0.5,0.17,0.0005777615136124115,0.009017785218490419
0.55,opposite,0.5,0.17500000000000002,0.0005275267532464836,0.00856280692544311
0.55,opposite,0.5,0.18,0.00048267183996857083,0.008138514951296824
0.55,opposite,0.5,0.185,0.00044251611605967246,0.007742270841200691
0.55,opposite,0.5,0.19,0.00040647758527871615,0.007371716609116313
0.55,opposite,0.5,0.195,0.00037405690261488355,0.007024738621829836
0.55,opposite,0.5,0.2,0.00034482422310890454,0.006699436998662294
0.55,opposite,0.5,0.20500000000000002,0.00031840835499139566,0.0063940995526671224
0.55,opposite,0.5,0.21,0.0002944877782380511,0.006108538138110868
0.55,opposite,0.5,0.215,0.00027278317963887785,0.005848364617149111
0.55,opposite,0.5,0.22,0.0002530512257537947,0.005602848412067655
0.55,opposite,0.5,0.225,0.00023507935027287783,0.005370937664117196
0.55,opposite,0.5,0.23,0.0002186813757776601,0.005151673995419792
0.55,opposite,0.5,0.23500000000000001,0.00020369382433375286,0.004944182405440845
0.55,opposite,0.5,0.24,0.00018997279873419129,0.004747662469928284
0.55,opposite,0.5,0.245,0.0001773913380892295,0.004561380647037386
0.55,opposite,0.5,0.25,0.00016583716900139088,0.004384663528485592
0.55,opposite,0.5,0.255,0.0001552107876869848,0.004216891900505052
0.55,opposite,0.5,0.26,0.00014542381981631671,0.004057495501339326
0.55,opposite,0.5,0.265,0.00013639761409813155,0.003906284639028672
0.55,opposite,0.5,0.27,0.00012806203316349446,0.003766379091210715
0.55,opposite,0.5,0.275,0.00012035441145199721,0.003632952384017127
0.55,opposite,0.5,0.28,0.00011321865483886507,0.003505627233327137
0.55,opposite,0.5,0.28500000000000003,0.00010660446087938705,0.003384053236550993
0.55,opposite,0.5,0.29,0.00010046664195759008,0.0032679045593976075
0.55,opposite,0.5,0.295,9.476453644543885e-05,0.0031568778609730223
0.55,opposite,0.5,0.3,8.946149531625737e-05,0.0030506904282451915
0.55,opposite,0.5,0.305,8.452443359935876e-05,0.0029490784949650684
0.55,opposite,0.5,0.31,7.992343768291054e-05,0.002851795723552519
0.55,opposite,0.5,0.315,7.563142082620305e-05,0.0027586118313470886
0.55,opposite,0.5,0.32,7.162382037730713e-05,0.0026693113450773132
0.55,opposite,0.5,0.325,6.787833114551715e-05,0.0025836924694908063
0.55,opposite,0.5,0.33,6.437467018094509e-05,0.002501566057870658
0.55,opposite,0.5,0.335,6.109436889151656e-05,0.002422754673690912
0.55,opposite,0.5,0.34,5.8020589001240715e-05,0.0023470917339757165
0.55,opposite,0.5,0.34500000000000003,5.513795934012318e-05,0.002274420726056829
0.55,opposite,0.5,0.35000000000000003,5.243243086961541e-05,0.0022045944904004176
0.55,opposite,0.5,0.355,4.98911476997497e-05,0.002137474563019857
0.55,opposite,0.5,0.36,4.750233215481012e-05,0.0020729305717258617
0.55,opposite,0.5,0.365,4.525518220161133e-05,0.0020108396811051674
0.55,opposite,0.5,0.37,4.313977977492813e-05,0.0019510860816776506
0.55,opposite,0.5,0.375,4.114700872396453e-05,0.001893560519170891
0.55,opposite,0.5,0.38,3.9268481266676045e-05,0.0018381598602803372
0.55,opposite,0.5,0.385,3.749647197921513e-05,0.0017847866916607562
0.55,opposite,0.5,0.39,3.5823858469076986e-05,0.0017333489492274427
0.55,opposite,0.5,0.395,3.4244067985481224e-05,0.0016837595751397383
0.55,opposite,0.5,0.4,3.2751029311495585e-05,0.0016359362000997887
0.55,opposite,0.5,0.405,3.133912936139195e-05,0.0015898008488305193
0.55,opposite,0.5,0.41000000000000003,3.0003173975415685e-05,0.001545279666802228
0.55,opposite,0.5,0.41500000000000004,2.873835246398673e-05,0.0015023026664602048
0.55,opposite,0.5,0.42,2.754020550556013e-05,0.0014608034913691109
0.55,opposite,0.5,0.425,2.6404596047997895e-05,0.0014207191968358976
0.55,opposite,0.5,0.43,2.5327682903236245e-05,0.0013819900457038574
0.55,opposite,0.5,0.435,2.430589676003402e-05,0.0013445593181277524
0.55,opposite,0.5,0.44,2.333591837031417e-05,0.0013083731342454527
0.55,opposite,0.5,0.445,2.2414658691621432e-05,0.001273380288756439
0.55,opposite,0.5,0.45,2.1539240791998714e-05,0.00123953209650311
0.55,opposite,0.5,0.455,2.0706983344546982e-05,0.0012067822482280826
0.55,opposite,0.5,0.46,1.9915385557439045e-05,0.0011750866757505255
0.55,opposite,0.5,0.465,1.9162113401514044e-05,0.0011444034258677768
0.55,opposite,0.5,0.47000000000000003,1.844498701205706e-05,0.0011146925423458163
0.55,opposite,0.5,0.47500000000000003,1.7761969154197576e-05,0.0010859159554141638
0.55,opposite,0.5,0.48,1.711115465274465e-05,0.0010580373782280439
0.55,opposite,0.5,0.485,1.64907606973897e-05,0.0010310222098036408
0.55,opposite,0.5,0.49,1.5899117943203494e-05,0.0010048374439714381
0.55,opposite,0.5,0.495,1.533466233436392e-05,0.0009794515839283225
0.55,opposite,0.5,0.5,1.4795927586192879e-05,0.0009548345620017297
0.55,same,0.5,0.0,1.0,1.0
0.55,same,0.5,0.005,0.37805903051085976,0.5342364934189696
0.55,same,0.5,0.01,0.18979598933159664,0.33613734147260993
0.55,same,0.5,0.015,0.10827075366896499,0.233557781137685
0.55,same,0.5,0.02,0.0671434635447,0.17177541030306404
0.55,same,0.5,0.025,0.0443447844667002,0.13115870391878665
0.55,same,0.5,0.03,0.030799109305411437,0.10501856547764728
0.55,same,0.5,0.035,0.02229230636457553,0.08640632700314005
0.55,same,0.5,0.04,0.01669794658565386,0.07231182625410852
0.55,same,0.5,0.045,0.012872299927836346,0.06135151059082657
0.55,same,0.5,0.05,0.010167081440545107,0.05264889104299444
0.55,same,0.5,0.055,0.008198041279695319,0.04562206080623594
0.55,same,0.5,0.06,0.006728401807842128,0.039869422713966166
0.55,same,0.5,0.065,0.005607182825985133,0.035155077593613034
0.55,same,0.5,0.07,0.004735150249428709,0.031235744092316903
0.55,same,0.5,0.075,0.004045296640066608,0.02791009183780353
0.55,same,0.5,0.08,0.003491270251328943,0.02506614065470164
0.55,same,0.5,0.085,0.0030403056525743076,0.022617307100559952
0.55,same,0.5,0.09,0.0026687850828749546,0.02055512573090543
0.55,same,0.5,0.095,0.0023593816331914466,0.01933095303530505
0.55,same,0.5,0.1,0.0020991785812401855,0.018242313365520988
0.55,same,0.5,0.105,0.0018784055821215045,0.017265558945451117
0.55,same,0.5,0.11,0.0016895732377217357,0.016382411094025683
0.55,same,0.5,0.115,0.0015268701400824951,0.01557854619608911
0.55,same,0.5,0.12,0.0013857360573695555,0.014842590322724444
0.55,same,0.5,0.125,0.001262555349518128,0.014165396395017483
0.55,same,0.5,0.13,0.0011544337464919228,0.013540211811508968
0.55,same,0.5,0.135,0.0010590337730076386,0.012974745479296093
0.55,same,0.5,0.14,0.0009744519919878492,0.012467650147574073
0.55,same,0.5,0.145,0.0008991264440187201,0.01201625689000689
0.55,same,0.5,0.15,0.0008317661469285178,0.01159573604824846
0.55,same,0.5,0.155,0.0007712968887261639,0.011193816034298431
0.55,same,0.5,0.16,0.0007168191782908604,0.01080972749932585
0.55,same,0.5,0.165,0.0006675753552845328,0.01044267667367417
0.55,same,0.5,0.17,0.0006229236627101936,0.010091865869500881
0.55,same,0.5,0.17500000000000002,0.0005823176573624656,0.00975650763274429
0.55,same,0.5,0.18,0.0005452897453757311,0.009435834313369158
0.55,same,0.5,0.185,0.0005114379297637771,0.009129104330906164
0.55,same,0.5,0.19,0.00048041507687053336,0.008835606060714386
0.55,same,0.5,0.195,0.00045192017159903714,0.008554660013763773
0.55,same,0.5,0.2,0.00042569115295838507,0.008285619800297638
0.55,same,0.5,0.20500000000000002,0.0004014990130321377,0.008027872235383841
0.55,same,0.5,0.21,0.00037914291188904237,0.007780836847947827
0.55,same,0.5,0.215,0.000358446113956069,0.007543964984384058
0.55,same,0.5,0.22,0.00033925259210970275,0.007316738646131924
0.55,same,0.5,0.225,0.0003214241772521391,0.007098669162570922
0.55,same,0.5,0.23,0.00030483815566257824,0.006889295772561577
0.55,same,0.5,0.23500000000000001,0.00028938523561083154,0.006688184167273255
0.55,same,0.5,0.24,0.00027496781983169086,0.006494925031664476
0.55,same,0.5,0.245,0.00026149853241704056,0.006309132610703263
0.55,same,0.5,0.25,0.0002488989581946857,0.006130443318099241
0.55,same,0.5,0.255,0.00023709856026594403,0.00595851439920305
0.55,same,0.5,0.26,0.00022603374747993051,0.005793022655248949
0.55,same,0.5,0.265,0.00021564706854814702,0.005633663232855371
0.55,same,0.5,0.27,0.00020588651349388873,0.005480148480345211
0.55,same,0.5,0.275,0.0001967049063780375,0.005332206870771136
0.55,same,0.5,0.28,0.00018805937589532083,0.005189581990357963
0.55,same,0.5,0.28500000000000003,0.0001799108926103707,0.005052031590274839
0.55,same,0.5,0.29,0.00017222386339347425,0.004919326699127149
0.55,same,0.5,0.295,0.0001649657750951443,0.004791250793238962
0.55,same,0.5,0.3,0.00015810688072495673,0.004667599021626694
0.55,same,0.5,0.305,0.00015161992242017624,0.004548177482502244
0.55,same,0.5,0.31,0.00014547988634099735,0.004432802548158499
0.55,same,0.5,0.315,0.00013966378534192067,0.004321300235158618
0.55,same,0.5,0.32,0.00013415046586727296,0.0042135056168557125
0.55,same,0.5,0.325,0.00012892043602295066,0.0041092622753985545
0.55,same,0.5,0.33,0.0001239557122022381,0.0040084217905224625
0.55,same,0.5,0.335,0.00011923968200419157,0.003910843262575396
0.55,same,0.5,0.34,0.00011475698148937584,0.0038163928673826215
0.55,same,0.5,0.34500000000000003,0.00011049338507856513,0.0037249434407054982
0.55,same,0.5,0.35000000000000003,0.00010643570662269113,0.0036363740901983526
0.55,same,0.5,0.355,0.00010257171036289065,0.0035505698329104927
0.55,same,0.5,0.36,9.889003066299174e-05,0.0034674212565169193
0.55,same,0.5,0.365,9.538009953736103e-05,0.0033868242025906947
0.55,same,0.5,0.37,9.203208111819453e-05,0.0033086794703517633
0.55,same,0.5,0.375,8.883681231099125e-05,0.0032328925394413434
0.55,same,0.5,0.38,8.57857489775368e-05,0.0031593733103777648
0.55,same,0.5,0.385,8.287091706430752e-05,0.003088035861449138
0.55,same,0.5,0.39,8.008486816250608e-05,0.003018798220890694
0.55,same,0.5,0.395,7.742063904542719e-05,0.002951582153280422
0.55,same,0.5,0.4,7.487171478075888e-05,0.0028863129591661044
0.55,same,0.5,0.405,7.243199506080514e-05,0.002822919287010347
0.55,same,0.5,0.41000000000000003,7.009576343336274e-05,0.0027613329566082007
0.55,same,0.5,0.41500000000000004,6.785765915085767e-05,0.0027014887931947175
0.55,same,0.5,0.42,6.571265138600112e-05,0.0026433244715177587
0.55,same,0.5,0.425,6.36560155892095e-05,0.002586780369204842
0.55,same,0.5,0.43,6.168331178683635e-05,0.002531799428802199
0.55,same,0.5,0.435,5.979036464028401e-05,0.0024783270279096943
0.55,same,0.5,0.44,5.797324510466485e-05,0.0024263108568772945
0.55,same,0.5,0.445,5.6228253542160544e-05,0.0023757008035674852
0.55,same,0.5,0.45,5.455190415985358e-05,0.002326448844723814
0.55,same,0.5,0.455,5.294091065480196e-05,0.0022785089435186714
0.55,same,0.5,0.46,5.13921729606949e-05,0.0022318369528839133
0.55,same,0.5,0.465,4.99027650007367e-05,0.0021863905242559918
0.55,same,0.5,0.47000000000000003,4.846992336060472e-05,0.0021421290213932418
0.55,same,0.5,0.47500000000000003,4.709103680354995e-05,0.0020990134389469147
0.55,same,0.5,0.48,4.5763636557063214e-05,0.0020570063254897386
0.55,same,0.5,0.485,4.4485387307121974e-05,0.0020160717107262265
0.55,same,0.5,0.49,4.325407884194385e-05,0.0019761750366279287
0.55,same,0.5,0.495,4.2067618292482536e-05,0.00193728309225432
0.55,same,0.5,0.5,4.092402292167677e-05,0.001899363952036242
1.0,opposite,0.5,0.0,1.0,1.0
1.0,opposite,0.5,0.005,0.34027211037868793,0.5178419207261966
1.0,opposite,0.5,0.01,0.16731832604773855,0.32104361735100695
1.0,opposite,0.5,0.015,0.09842422839020158,0.22530440022493578
1.0,opposite,0.5,0.02,0.06415218594872421,0.17524333163984054
1.0,opposite,0.5,0.025,0.04455996840988261,0.14176234389761877
1.0,opposite,0.5,0.03,0.032298586759762264,0.11739268893244484
1.0,opposite,0.5,0.035,0.024138598271647004,0.09867323765994405
1.0,opposite,0.5,0.04,0.018465388403073983,0.08380040120209467
1.0,opposite,0.5,0.045,0.01439060630951859,0.07172522582802522
1.0,opposite,0.5,0.05,0.011389035605502902,0.061777130833858974
1.0,opposite,0.5,0.055,0.009132627407335031,0.05349462740016797
1.0,opposite,0.5,0.06,0.007407547349211918,0.04654270619006273
1.0,opposite,0.5,0.065,0.006069612128969413,0.0406689334073102
1.0,opposite,0.5,0.07,0.005018903637495891,0.036079394437336675
1.0,opposite,0.5,0.075,0.004184596659768623,0.03223427023853419
1.0,opposite,0.5,0.08,0.003515524592815205,0.028896620407670937
1.0,opposite,0.5,0.085,0.0029741165416810075,0.025985449633895125
1.0,opposite,0.5,0.09,0.002532391566365472,0.023435528704885644
1.0,opposite,0.5,0.095,0.0021692490674593717,0.021193614028072447
1.0,opposite,0.5,0.1,0.0018685985073158382,0.019215768902630798
1.0,opposite,0.5,0.105,0.0016180456297839219,0.017465410763116893
1.0,opposite,0.5,0.11,0.0014079552835043734,0.015928647819457253
1.0,opposite,0.5,0.115,0.0012307737156191912,0.014649940983069903
1.0,opposite,0.5,0.12,0.0010805324843986782,0.01354349739865318
1.0,opposite,0.5,0.125,0.0009524813001139493,0.012548461494364815
1.0,opposite,0.5,0.13,0.0008428135529751472,0.011646898289383669
1.0,opposite,0.5,0.135,0.0007484592389910013,0.010828199892952318
1.0,opposite,0.5,0.14,0.0006669274063161085,0.010107155803904134
1.0,opposite,0.5,0.145,0.0005961853345793767,0.009491462248710144
1.0,opposite,0.5,0.15,0.0005345652018182674,0.008930346407817912
1.0,opposite,0.5,0.155,0.000480691488548453,0.008412937719282854
1.0,opposite,0.5,0.16,0.0004334241452563498,0.007934938211388897
1.0,opposite,0.5,0.165,0.00039181382779541866,0.007492572031776271
1.0,opposite,0.5,0.17,0.0003550664333199441,0.007082508294097593
1.0,opposite,0.5,0.17500000000000002,0.00032251484922063916,0.006701797498959776
1.0,opposite,0.5,0.18,0.00029359632949981624,0.0063563361578514695
1.0,opposite,0.5,0.185,0.0002678342864726368,0.006039883414139803
1.0,opposite,0.5,0.19,0.0002448235654823565,0.005744018601937574
1.0,opposite,0.5,0.195,0.00022421848135428514,0.005467056870500805
1.0,opposite,0.5,0.2,0.00020572305548879734,0.005207483643880265
1.0,opposite,0.5,0.20500000000000002,0.00018908301479237492,0.00496393359993261
1.0,opposite,0.5,0.21,0.0001740792075543239,0.00473517276360728
1.0,opposite,0.5,0.215,0.00016052216387589963,0.004520083176376413
1.0,opposite,0.5,0.22,0.00014824758451827838,0.004318878660639835
1.0,opposite,0.5,0.225,0.00013711258590955644,0.004134825274780132
1.0,opposite,0.5,0.23,0.0001269925634278963,0.0039608688739972185
1.0,opposite,0.5,0.23500000000000001,0.00011777856213649184,0.0037963223873468776
1.0,opposite,0.5,0.24,0.00010937506553762474,0.0036405557599418436
1.0,opposite,0.5,0.245,0.00010169812989609947,0.003492990194241305
1.0,opposite,0.5,0.25,9.467380522038968e-05,0.0033530930967883648
1.0,opposite,0.5,0.255,8.823679482429022e-05,0.0032203736275466265
1.0,opposite,0.5,0.26,8.232931409577156e-05,0.003094378766254976
1.0,opposite,0.5,0.265,7.690011611790044e-05,0.002974689824262269
1.0,opposite,0.5,0.27,7.190365746589505e-05,0.002860919341773289
1.0,opposite,0.5,0.275,6.729938211606796e-05,0.002752708319845905
1.0,opposite,0.5,0.28,6.305110515987955e-05,0.002649723744230248
1.0,opposite,0.5,0.28500000000000003,5.912648108784985e-05,0.0025516563645531154
1.0,opposite,0.5,0.29,5.549654392688627e-05,0.0024582186976780523
1.0,opposite,0.5,0.295,5.2135308586544475e-05,0.002369143228515638
1.0,opposite,0.5,0.3,4.9019424479267856e-05,0.0022841807852809455
1.0,opposite,0.5,0.305,4.61278738942837e-05,0.0022030990693256464
1.0,opposite,0.5,0.31,4.344170877879386e-05,0.0021256813223153375
1.0,opposite,0.5,0.315,4.0943820557039604e-05,0.002051725115762867
1.0,opposite,0.5,0.32,3.861873843301639e-05,0.001981041249834328
1.0,opposite,0.5,0.325,3.645245230464298e-05,0.001913452749971845
1.0,opposite,0.5,0.33,3.443225698927363e-05,0.0018487939512720013
1.0,opposite,0.5,0.335,3.2546614941512374e-05,0.001786909661758158
1.0,opposite,0.5,0.34,3.078503504981494e-05,0.0017276543967198643
1.0,opposite,0.5,0.34500000000000003,2.913796544102572e-05,0.0016708916771885512
1.0,opposite,0.5,0.35000000000000003,2.7596698512216088e-05,0.0016164933863968016
1.0,opposite,0.5,0.355,2.6153286655549715e-05,0.0015643391787463167
1.0,opposite,0.5,0.36,2.4800467351493696e-05,0.0015143159364018875
1.0,opposite,0.5,0.365,2.3531596484393944e-05,0.0014663172691475035
1.0,opposite,0.5,0.37,2.2340588887114815e-05,0.0014202430535965166
1.0,opposite,0.5,0.375,2.1221865252163865e-05,0.0013759990082492374
1.0,opposite,0.5,0.38,2.0170304658866848e-05,0.001333496301245787
1.0,opposite,0.5,0.385,1.918120206255436e-05,0.0012926511879757458
1.0,opposite,0.5,0.39,1.825023017474096e-05,0.0012533846759844197
1.0,opposite,0.5,0.395,1.7373405234909967e-05,0.0012156222148629215
1.0,opposite,0.5,0.4,1.65470562364376e-05,0.0011792934090296275
1.0,opposite,0.5,0.405,1.5767797222811624e-05,0.001144331751507262
1.0,opposite,0.5,0.41000000000000003,1.503250231681482e-05,0.0011106743769757229
1.0,opposite,0.5,0.41500000000000004,1.4338283185763824e-05,0.001078261832538336
1.0,opposite,0.5,0.42,1.3682468681076146e-05,0.001047037864780575
1.0,opposite,0.5,0.425,1.3062586421110804e-05,0.0010169492218273677
1.0,opposite,0.5,0.43,1.247634611301289e-05,0.0009879454692194843
1.0,opposite,0.5,0.435,1.192162443271678e-05,0.0009599788185326058
1.0,opposite,0.5,0.44,1.1396451302781777e-05,0.0009330039677557716
1.0,opposite,0.5,0.445,1.0898997425732766e-05,0.000906977952530035
1.0,opposite,0.5,0.45,1.0427562946391053e-05,0.0008818600074243329
1.0,opposite,0.5,0.455,9.98056713059142e-06,0.0008576114364945872
1.0,opposite,0.5,0.46,9.556538959936813e-06,0.0008342803049784614
1.0,opposite,0.5,0.465,9.154108553053503e-06,0.0008117813911225025
1.0,opposite,0.5,0.47000000000000003,8.771999333360097e-06,0.0007900379487898748
1.0,opposite,0.5,0.47500000000000003,8.40902087181126e-06,0.0007690190366107691
1.0,opposite,0.5,0.48,8.064062340558747e-06,0.0007486952100787117
1.0,opposite,0.5,0.485,7.736086520106694e-06,0.0007290384382698999
1.0,opposite,0.5,0.49,7.424124308428625e-06,0.0007100220257837525
1.0,opposite,0.5,0.495,7.127269685749616e-06,0.0006916205395411764
1.0,opposite,0.5,0.5,6.844675093357222e-06,0.0006738097401048964
1.0,same,0.5,0.0,1.0,1.0
1.0,same,0.5,0.005,0.3469924854469619,0.5167502814739948
1.0,same,0.5,0.01,0.16388515479115537,0.31663625401601775
1.0,same,0.5,0.015,0.08911494790570584,0.21526349917150242
1.0,same,0.5,0.02,0.05319813597747179,0.15532542830604734
1.0,same,0.5,0.025,0.0340943672511264,0.11662661837883657
1.0,same,0.5,0.03,0.023131744031902605,0.09105986663401093
1.0,same,0.5,0.035,0.016443855344108225,0.07410545749579407
1.0,same,0.5,0.04,0.012149979248341268,0.06141624991855923
1.0,same,0.5,0.045,0.009271039778855338,0.05165461372527386
1.0,same,0.5,0.05,0.007267832405105714,0.04398236571147797
1.0,same,0.5,0.055,0.005828726036181944,0.03784772172475551
1.0,same,0.5,0.06,0.00476587839186973,0.03287249951208558
1.0,same,0.5,0.065,0.003961794155728259,0.028841599326578253
1.0,same,0.5,0.07,0.0033405323154070566,0.025499540459447096
1.0,same,0.5,0.075,0.0028515592126006177,0.022684376197234686
1.0,same,0.5,0.08,0.0024603627518301665,0.02106033799171211
1.0,same,0.5,0.085,0.002142817811299361,0.01966115106525083
1.0,same,0.5,0.09,0.001881703590502927,0.018437215352914576
1.0,same,0.5,0.095,0.0016644934401487844,0.017354029716954066
1.0,same,0.5,0.1,0.0014819181842988815,0.016385814648210068
1.0,same,0.5,0.105,0.0013270116076339901,0.015512984869265842
1.0,same,0.5,0.11,0.0011944635096504117,0.014720418979477708
1.0,same,0.5,0.115,0.0010801731393230134,0.013996259309374731
1.0,same,0.5,0.12,0.0009809357359833336,0.013338364639589557
1.0,same,0.5,0.125,0.0008942190823230177,0.0127559796243344
1.0,same,0.5,0.13,0.0008180019393969831,0.012239386888122036
1.0,same,0.5,0.135,0.0007506556782591723,0.011766873220382534
1.0,same,0.5,0.14,0.0006908564941106191,0.01131733215013728
1.0,same,0.5,0.145,0.0006375195584728425,0.010889707127577187
1.0,same,0.5,0.15,0.0005897491018474918,0.010482924300996458
1.0,same,0.5,0.155,0.0005468001970694606,0.010095904943934461
1.0,same,0.5,0.16,0.0005080492287228355,0.009727588278584779
1.0,same,0.5,0.165,0.00047297087540465406,0.009376946168689948
1.0,same,0.5,0.17,0.00044112002134366905,0.009042992163319614
1.0,same,0.5,0.17500000000000002,0.00041211743192669356,0.0087247866276474
1.0,same,0.5,0.18,0.0003856383272175361,0.008421439179621598
1.0,same,0.5,0.185,0.00036140320434315725,0.008132109290418436
1.0,same,0.5,0.19,0.00033917041802318195,0.007856005653287285
1.0,same,0.5,0.195,0.00031873014530150117,0.007592384746883238
1.0,same,0.5,0.2,0.00029989944737179007,0.00734054889286887
1.0,same,0.5,0.20500000000000002,0.00028251820647469806,0.007099844017901608
1.0,same,0.5,0.21,0.00026644576500374007,0.006869657266319555
1.0,same,0.5,0.215,0.000251558131357238,0.0066494145643690526
1.0,same,0.5,0.22,0.00023774564572497496,0.006438578204399483
1.0,same,0.5,0.225,0.0002249110210920671,0.006236644494356965
1.0,same,0.5,0.23,0.0002129676918870854,0.006043141501496154
1.0,same,0.5,0.23500000000000001,0.00020183841608540818,0.005857626907615172
1.0,same,0.5,0.24,0.00019145408708715137,0.005679685984956301
1.0,same,0.5,0.245,0.0001817527199850922,0.005508929696237409
1.0,same,0.5,0.25,0.00017267858342210954,0.005344992918389602
1.0,same,0.5,0.255,0.00016418145348956467,0.005187532786972295
1.0,same,0.5,0.26,0.00015621597032769452,0.005036227156553472
1.0,same,0.5,0.265,0.00014874108147910412,0.004890773171316263
1.0,same,0.5,0.27,0.00014171955878871428,0.004750885939591557
1.0,same,0.5,0.275,0.00013511757787142633,0.004616297305780951
1.0,same,0.5,0.28,0.00012890435098636158,0.004486754713124061
1.0,same,0.5,0.28500000000000003,0.00012305180564535633,0.004362020150906137
1.0,same,0.5,0.29,0.00011753430250766806,0.004241869179943187
1.0,same,0.5,0.295,0.00011232838712336276,0.004126090030484671
1.0,same,0.5,0.3,0.00010741257092496382,0.0040144827670113995
1.0,same,0.5,0.305,0.00010276713756283933,0.003906858514759258
1.0,same,0.5,0.31,9.837397126028001e-05,0.003803038743154951
1.0,same,0.5,0.315,9.421640435000883e-05,0.0037028546016986993
1.0,same,0.5,0.32,9.027908156170568e-05,0.0036061463041651073
1.0,same,0.5,0.325,8.654783897359453e-05,0.003512762557313342
1.0,same,0.5,0.33,8.300959583125058e-05,0.0034225600305992357
1.0,same,0.5,0.335,7.965225768254169e-05,0.0033354028636639246
1.0,same,0.5,0.34,7.646462948638998e-05,0.003251162208635941
1.0,same,0.5,0.34500000000000003,7.343633753087362e-05,0.003169715804526558
1.0,same,0.5,0.35000000000000003,7.055775914807526e-05,0.0030909475812223434
1.0,same,0.5,0.355,6.781995934313877e-05,0.0030147472907852053
1.0,same,0.5,0.36,6.521463356663813e-05,0.0029410101639596826
1.0,same,0.5,0.365,6.273405595543141e-05,0.0028696365899610423
1.0,same,0.5,0.37,6.037103245003281e-05,0.002800531817776861
1.0,same,0.5,0.375,5.811885826817159e-05,0.002733605677360448
1.0,same,0.5,0.38,5.5971279276272494e-05,0.0026687723192276263
1.0,same,0.5,0.385,5.392245685448415e-05,0.0026059499710901625
1.0,same,0.5,0.39,5.196693589777683e-05,0.002545060710270365
1.0,same,0.5,0.395,5.0099615636517496e-05,0.002486030250743078
1.0,same,0.5,0.4,4.831572299565157e-05,0.002428787743744149
1.0,same,0.5,0.405,4.661078824288917e-05,0.0023732655909694082
1.0,same,0.5,0.41000000000000003,4.498062270371585e-05,0.0023193992694657537
1.0,same,0.5,0.41500000000000004,4.34212983451403e-05,0.002267127167386942
1.0,same,0.5,0.42,4.1929129051297756e-05,0.0022163904298515584
1.0,same,0.5,0.425,4.0500653432724706e-05,0.0021671328142000503
1.0,same,0.5,0.43,3.91326190276333e-05,0.0021193005540020775
1.0,same,0.5,0.435,3.782196776812198e-05,0.0020728422312152064
1.0,same,0.5,0.44,3.656582259720194e-05,0.002027708655941638
1.0,same,0.5,0.445,3.536147513400614e-05,0.001983852753271457
1.0,same,0.5,0.45,3.420637429475577e-05,0.0019412294567392947
1.0,same,0.5,0.455,3.3098115786147e-05,0.0018997956079564971
1.0,same,0.5,0.46,3.203443239592025e-05,0.001859509862013253
1.0,same,0.5,0.465,3.101318501260536e-05,0.0018203325982748544
1.0,same,0.5,0.47000000000000003,3.003235431289846e-05,0.0017822258362235955
1.0,same,0.5,0.47500000000000003,2.9090033060911814e-05,0.001745153156022961
1.0,same,0.5,0.48,2.81844189687219e-05,0.0017090796235039087
1.0,same,0.5,0.485,2.7313808072293697e-05,0.0016739717192943702
1.0,same,0.5,0.49,2.6476588581039242e-05,0.0016397972718327541
1.0,same,0.5,0.495,2.567123516302828e-05,0.0016065253940243634
1.0,same,0.5,0.5,2.489630363125611e-05,0.001574126423316365
